"","V1","V2","V3","V4","V5","V6","V7","V8","V9","V10","V11","V12","V13","V14","V15","V16","V17","V18","V19","V20","V21"
"1",2.17147448244662,0,0,0,0,0,1,0,0,0,0,1,1,1,1,0,1,1,1,0,0
"2",3.90497199399427,1,1,0,0,0,1,0,0,0,0,0,1,1,1,0,0,1,1,1,0
"3",2.2055924497531,0,1,1,0,1,1,1,1,0,0,0,0,1,1,0,0,1,1,0,0
"4",3.69227607222894,1,1,0,0,0,1,0,0,0,0,0,1,1,1,0,0,1,1,1,0
"5",1.93974570359823,1,1,0,1,1,0,1,0,1,0,1,1,1,1,0,0,1,0,0,0
"6",4.30111509418373,1,0,0,0,1,1,1,1,1,1,1,1,1,1,0,0,1,0,0,0
"7",4.46831798501794,1,1,0,0,0,1,1,1,0,0,0,0,1,1,0,1,1,1,0,0
"8",2.99621127425551,1,1,1,0,1,1,1,1,0,0,0,1,1,1,0,0,0,1,1,0
"9",3.0717353863968,1,1,1,0,1,0,0,0,0,0,1,1,1,1,1,1,1,1,0,0
"10",3.54683327163898,1,0,1,1,0,1,1,0,0,0,1,1,1,1,0,0,1,1,0,0
"11",4.14363625726373,1,0,0,0,0,0,0,0,0,0,1,1,1,1,0,1,1,1,0,0
"12",3.61969945164684,1,0,0,0,0,1,1,1,0,0,0,0,1,1,0,0,1,0,0,0
"13",2.44791154799919,0,1,1,0,1,0,1,0,1,0,0,1,1,0,0,0,1,0,0,0
"14",2.0377018639374,1,1,1,0,0,1,1,0,1,0,0,1,1,1,0,0,1,0,1,1
"15",3.99108197963673,1,1,0,0,1,1,0,0,0,0,1,1,1,1,1,0,1,0,0,0
"16",0.770742934654658,1,0,1,0,1,1,0,0,0,1,1,0,1,1,1,0,0,0,0,0
"17",3.50806971267522,1,1,0,0,0,1,0,0,0,0,1,0,1,1,1,1,1,1,0,0
"18",3.28666629841591,0,1,0,0,0,0,1,0,1,1,0,1,1,1,0,1,0,0,1,0
"19",-0.18562414517984,1,0,1,0,1,1,0,1,0,0,0,1,1,0,1,0,1,1,1,0
"20",3.02789643032726,1,0,1,0,0,1,1,1,0,0,0,1,1,1,1,0,1,0,1,0
"21",4.81363020646075,1,1,0,0,1,1,0,1,0,0,0,0,1,0,1,0,1,1,0,0
"22",2.99892867975848,1,0,1,0,0,1,1,1,0,0,0,0,0,1,0,0,1,0,0,0
"23",3.18906423151741,1,1,0,0,0,0,1,1,1,0,1,1,1,1,1,0,1,1,1,0
"24",1.34704547690341,1,0,1,0,1,1,1,0,0,0,0,1,1,1,0,1,1,1,0,0
"25",5.51620348411297,1,0,0,0,0,0,1,0,0,0,0,1,1,0,1,0,1,1,0,0
"26",3.73219960708482,1,1,0,0,1,1,0,0,1,0,0,1,1,1,0,0,1,1,1,0
"27",4.41735941480904,1,0,0,0,1,1,1,1,0,0,0,1,1,1,0,1,1,0,0,0
"28",3.60929769501072,0,0,0,0,1,1,1,1,0,1,0,0,0,1,1,1,1,1,0,0
"29",0.228161029953909,1,1,1,0,0,1,0,1,0,0,0,1,1,1,1,0,1,0,0,0
"30",0.65817218898206,1,1,1,0,1,1,1,1,0,0,1,0,1,1,1,0,1,0,0,0
"31",2.34418804975416,1,1,1,0,1,1,1,1,0,0,0,1,1,1,0,0,1,1,0,0
"32",2.25827976269799,1,1,1,0,0,1,1,1,0,0,0,1,1,1,0,0,1,1,0,1
"33",2.71790893142702,1,0,0,0,1,0,1,0,0,0,1,0,0,1,0,0,1,0,1,0
"34",1.86188624392036,1,0,0,0,0,1,0,0,0,1,1,0,1,1,1,1,0,1,0,0
"35",2.20372070547836,0,1,1,0,0,1,1,0,0,0,0,0,0,1,0,0,1,1,0,0
"36",3.91871117311096,1,1,0,0,1,0,0,0,0,1,0,1,1,1,0,0,1,1,0,0
"37",2.41782414824894,1,0,1,0,0,1,0,1,1,0,0,1,1,0,0,0,0,1,0,0
"38",3.13215839962795,0,1,0,0,0,1,0,0,0,0,0,0,1,1,1,0,0,1,0,0
"39",1.69720994981648,1,1,1,0,0,1,0,0,1,0,0,1,1,1,0,0,1,0,1,0
"40",1.7096678973299,1,1,1,0,0,1,1,1,0,0,0,0,1,1,0,0,0,0,0,0
"41",5.71213240605514,1,0,0,0,0,1,1,1,0,0,0,1,1,1,1,0,1,1,1,0
"42",1.21719955284203,1,1,1,1,1,1,1,1,0,0,0,1,1,1,0,0,1,1,0,0
"43",3.20549027276391,1,1,0,0,0,0,1,0,0,0,0,1,1,1,1,0,1,1,0,0
"44",1.55648517893326,1,1,1,0,0,0,1,1,1,0,1,1,1,1,1,0,0,0,1,0
"45",1.79465670261902,1,1,1,0,1,1,1,1,0,0,1,0,1,1,0,0,1,1,1,0
"46",3.44010346069955,1,0,0,0,0,1,0,0,0,0,0,1,1,1,0,1,1,0,0,0
"47",0.205357746372364,1,1,1,0,0,1,1,0,1,1,0,1,1,1,0,0,1,0,0,0
"48",1.44260302816258,1,1,1,0,1,1,0,1,0,0,1,1,1,1,0,0,1,0,1,0
"49",0.683802738316973,1,1,1,0,0,1,0,1,0,0,1,1,1,1,1,0,0,0,1,0
"50",3.30861671985314,1,0,0,0,1,1,1,0,0,0,0,1,1,0,0,0,1,1,1,0
"51",2.42551448317695,1,0,1,1,1,1,0,0,1,0,0,1,1,0,0,1,1,0,1,0
"52",1.13257629954211,1,0,1,0,0,1,1,1,0,0,0,1,1,1,0,0,0,1,0,0
"53",4.42248145590594,1,0,0,0,1,1,0,1,0,0,1,1,1,1,1,0,0,1,1,0
"54",2.03361492296594,0,0,1,0,1,1,1,0,1,0,1,1,1,1,1,1,1,1,1,0
"55",5.66592897265216,0,1,0,0,0,1,0,1,1,0,0,1,1,1,1,0,1,1,0,1
"56",4.58271605397421,1,0,0,0,0,1,1,0,0,0,0,1,1,1,0,0,1,1,0,0
"57",3.75191614581699,0,1,0,0,0,1,1,1,1,0,0,1,1,1,1,0,1,1,0,1
"58",2.84220737075318,1,0,1,0,1,0,1,0,0,0,0,1,0,0,1,0,1,1,0,0
"59",4.31003461942747,1,1,0,0,1,1,1,1,1,0,0,1,1,0,1,0,1,0,0,0
"60",3.42600763197338,0,1,0,0,0,1,1,1,0,0,0,1,1,1,0,0,1,1,1,1
"61",3.23822254180272,1,0,1,0,1,1,1,0,1,0,0,1,1,1,0,0,1,1,0,1
"62",1.22304886600578,1,1,0,1,1,1,1,0,0,0,0,1,1,1,1,0,1,1,0,0
"63",1.21893590162256,0,1,1,0,0,1,1,1,1,0,1,1,1,1,0,0,1,1,1,0
"64",3.62659852198826,1,1,0,0,0,1,1,1,0,0,0,1,1,1,0,0,1,1,0,0
"65",2.93572128670802,0,1,0,0,0,1,1,0,0,0,1,0,1,0,0,0,1,1,0,0
"66",5.43749196714716,0,1,0,0,0,1,0,1,1,0,0,0,1,1,1,0,1,0,0,0
"67",4.09185840044644,0,1,1,0,0,1,0,0,0,0,0,1,1,1,1,0,0,0,0,1
"68",3.47138918461034,0,1,0,0,0,1,1,1,0,0,0,1,1,1,0,0,1,1,1,1
"69",4.68179778083478,1,1,0,0,0,0,1,1,1,0,0,1,1,1,1,0,1,1,0,0
"70",4.24753410894911,0,1,0,0,0,1,1,0,0,0,1,1,1,0,1,0,1,1,0,0
"71",4.90438608679924,0,1,0,0,0,1,1,1,1,0,0,1,1,1,0,0,1,0,0,0
"72",0.811688668562152,0,0,1,0,0,1,1,1,0,1,0,1,1,1,1,1,0,0,0,0
"73",2.40246200577895,0,1,0,1,1,0,0,1,1,1,1,1,0,1,0,0,1,1,0,0
"74",0.415647982148118,0,1,1,0,0,1,0,1,0,0,0,1,0,1,0,0,1,1,0,0
"75",3.53254209785373,1,1,0,0,0,1,1,0,0,0,0,1,1,1,0,0,1,0,0,0
"76",4.50996170027227,1,1,0,0,0,1,0,1,0,0,0,0,0,0,0,1,0,0,1,0
"77",4.65753812031426,1,1,0,0,0,1,1,1,0,0,0,0,1,1,0,1,1,1,0,0
"78",2.06659819112473,1,1,1,1,0,1,1,0,0,0,1,1,1,1,0,0,1,1,0,0
"79",3.8914453609297,1,0,0,0,0,1,0,0,0,1,1,1,1,1,1,0,1,1,0,0
"80",4.88607935196001,1,0,0,0,0,1,0,1,0,1,0,1,1,0,1,1,1,0,0,0
"81",3.56220449571733,1,1,0,0,1,0,1,1,0,0,0,1,1,1,1,0,1,0,1,0
"82",2.22478149841828,0,0,1,0,1,1,0,1,1,1,0,0,0,0,1,0,1,1,1,0
"83",2.59672589965975,1,1,1,0,0,1,0,1,0,0,0,1,1,0,1,0,1,1,1,1
"84",1.27372133618151,1,1,1,0,0,1,1,0,0,1,0,1,1,0,1,0,0,1,0,0
"85",2.15308160879771,1,1,1,0,1,1,0,1,0,0,1,1,1,1,0,1,1,1,0,0
"86",0.796225161188993,0,1,1,0,0,1,1,1,0,0,0,1,1,1,0,0,1,1,0,0
"87",6.27531250417777,1,1,0,0,1,1,0,0,0,0,0,1,1,1,0,1,1,1,1,1
"88",1.46838184376576,0,1,1,0,1,1,1,1,0,0,0,1,1,1,1,1,1,0,0,1
"89",3.77784392166278,1,1,0,0,0,1,0,0,0,0,0,1,1,1,0,1,1,0,0,1
"90",3.66074879971795,1,1,0,0,0,1,1,1,1,0,0,1,1,1,1,0,1,1,1,0
"91",4.15347853744741,1,0,0,0,0,1,1,0,0,0,0,1,1,0,1,0,1,1,0,0
"92",0.896778027161829,0,1,0,1,1,1,0,0,0,0,1,1,1,1,0,1,1,1,0,1
"93",3.24972667708288,1,1,0,0,1,1,1,1,0,0,1,1,1,1,0,0,1,0,0,0
"94",3.49518791448909,1,0,0,0,0,1,1,0,1,0,0,1,1,1,0,0,1,1,0,0
"95",1.96153004774954,1,0,1,0,0,1,1,0,0,0,1,1,1,1,1,0,1,0,0,0
"96",2.57927440614974,0,1,0,1,0,1,1,0,0,0,1,1,0,1,1,0,1,1,0,0
"97",3.30364883686388,1,1,1,1,0,0,1,1,1,0,0,1,1,1,0,0,1,1,1,0
"98",1.85465114985858,1,1,1,0,0,1,1,1,0,0,1,1,1,1,0,0,1,1,0,0
"99",2.33328196498992,1,0,1,0,0,1,1,1,1,0,0,0,1,1,1,0,1,1,0,0
"100",1.37738717482233,0,1,1,0,1,1,0,0,0,0,1,1,1,0,1,0,1,0,1,0
"101",2.96578160405365,0,1,0,0,0,1,1,1,0,0,0,0,1,1,1,1,0,1,0,1
"102",0.77384754657088,0,0,1,0,1,1,1,0,0,0,0,1,1,1,0,0,1,0,0,0
"103",4.31511686823659,1,1,0,0,1,1,1,1,0,1,0,1,1,1,1,0,1,1,1,1
"104",2.4613765493837,0,0,0,0,0,1,0,0,1,0,0,1,1,1,0,0,1,0,0,1
"105",4.02815131903673,1,1,0,0,1,1,1,1,0,0,0,1,0,1,1,1,1,1,0,0
"106",3.61943059405544,1,1,0,0,0,1,1,1,1,0,0,0,0,1,0,0,1,1,0,0
"107",1.68398182875196,1,0,1,1,0,1,0,0,0,0,0,1,1,1,1,0,1,0,0,0
"108",3.4795762397428,0,0,0,0,1,1,1,1,0,0,0,1,0,1,0,0,1,1,1,0
"109",0.543361109545539,0,0,1,0,0,1,0,0,1,1,1,1,1,1,1,0,1,0,0,0
"110",1.08521553072772,0,0,0,0,0,1,1,1,0,0,0,1,1,1,0,0,0,0,1,0
"111",4.27086896545306,1,0,0,0,1,1,0,0,0,0,0,1,1,1,0,0,1,1,0,0
"112",1.99986014033392,1,1,1,0,0,1,0,0,0,0,0,1,1,0,0,0,1,1,0,0
"113",0.0078351977127058,0,0,1,0,1,1,1,1,0,0,0,0,1,1,0,1,1,1,1,0
"114",2.20377889106258,1,1,1,0,0,1,0,0,1,0,1,0,1,0,1,0,1,1,0,0
"115",3.93202763370317,0,1,0,0,1,1,1,0,0,0,0,1,1,0,0,0,1,1,0,0
"116",5.27505656849095,1,1,0,0,0,1,0,1,0,0,1,0,0,1,0,1,1,0,0,0
"117",3.85151854915452,0,1,0,0,1,0,0,1,0,0,0,1,1,1,1,1,1,1,1,0
"118",1.05159307927242,1,0,1,0,1,1,1,0,0,0,0,1,1,1,0,0,1,0,0,0
"119",2.67565279892392,0,1,1,0,0,0,1,1,1,0,0,1,1,1,0,0,1,0,0,0
"120",1.8443069898717,1,0,1,1,0,1,1,1,0,0,1,1,1,1,1,0,1,0,1,1
"121",4.79313117521578,1,1,0,0,0,1,1,0,0,0,0,1,1,1,1,0,1,1,0,0
"122",3.82970657772327,1,1,0,0,0,1,0,1,1,0,1,0,1,1,1,0,1,0,0,0
"123",3.56319007271258,1,0,0,1,0,0,0,0,0,0,0,0,1,1,0,0,1,0,0,0
"124",1.72192738191874,0,1,1,0,1,1,1,0,0,0,0,0,0,1,0,1,0,0,0,0
"125",5.65853815604029,0,1,0,0,0,1,0,0,0,0,0,0,1,1,1,0,1,1,0,0
"126",4.67530881982796,1,0,0,0,1,1,1,0,0,0,0,1,1,1,0,0,1,0,0,0
"127",4.08900380185815,0,1,0,0,0,1,0,0,1,0,0,1,1,0,1,0,1,1,0,0
"128",4.50703903044024,1,1,0,0,0,0,0,1,0,0,1,0,1,1,1,1,1,1,1,0
"129",0.443602678927616,0,0,1,0,0,1,1,1,1,0,1,1,1,1,0,0,1,1,1,0
"130",3.35443712205168,1,1,0,0,0,1,1,0,0,0,0,1,1,1,0,0,1,0,1,0
"131",1.68739635253796,1,1,1,0,0,1,1,0,0,0,0,1,1,0,0,0,1,1,1,0
"132",2.95504739490844,0,1,1,0,1,0,1,0,0,0,0,0,1,1,1,0,1,1,1,0
"133",5.24517060948879,1,0,0,0,0,1,1,1,1,0,0,0,1,1,0,1,1,1,1,0
"134",2.58628780147295,1,1,0,0,0,1,1,0,0,0,0,0,1,1,1,0,1,0,1,0
"135",4.40355547735211,1,0,0,0,0,1,0,0,0,0,0,1,1,0,0,0,0,0,0,0
"136",1.7443095203934,0,0,1,0,0,1,1,0,1,0,0,1,1,1,0,1,0,0,0,0
"137",0.883427190300519,1,1,1,0,1,1,1,0,0,0,0,1,1,1,0,0,0,0,0,1
"138",4.41138631358526,1,1,1,1,1,1,1,1,0,0,0,1,1,1,1,0,1,1,1,0
"139",0.90327249124696,1,1,1,0,0,1,1,0,1,0,1,1,1,1,1,0,1,1,0,0
"140",4.0704685543226,1,0,0,0,1,1,1,1,0,0,0,1,1,1,0,0,0,0,1,0
"141",3.40447639786709,1,0,0,0,1,0,0,0,0,0,0,0,1,1,1,0,1,1,0,0
"142",1.90665003658433,1,0,1,0,0,1,1,1,0,0,0,1,1,1,0,0,1,1,1,0
"143",3.23175321519893,1,1,1,0,0,1,0,0,0,0,0,1,0,1,1,0,0,1,0,0
"144",2.55116823914267,1,1,1,0,1,1,1,1,0,0,0,0,1,1,0,0,1,1,1,0
"145",0.924463035047537,1,0,1,0,0,1,1,1,0,1,1,1,1,0,1,0,1,1,0,0
"146",4.71119599198312,0,1,0,0,1,1,1,0,1,0,0,1,1,1,0,0,1,1,1,0
"147",2.50746022388759,0,1,0,1,1,1,0,1,0,0,0,1,1,1,1,0,1,0,1,0
"148",2.85448547346155,1,1,0,0,0,1,0,1,0,0,0,1,1,1,0,0,1,1,1,0
"149",2.46448793216131,0,1,1,0,1,1,1,0,0,0,0,1,1,1,1,0,1,1,0,0
"150",4.0121443905991,1,0,0,0,0,1,0,0,1,0,0,1,1,1,0,1,1,0,1,0
"151",2.13958821113141,0,1,1,0,0,1,1,1,1,0,0,0,1,1,1,1,1,0,1,0
"152",3.03193109432083,1,1,0,0,1,1,0,1,0,0,0,0,1,1,0,0,1,1,0,0
"153",3.40217352023263,1,1,1,1,0,1,1,1,0,0,0,1,1,0,1,0,0,1,1,0
"154",1.84171239438159,0,0,1,0,0,1,1,0,1,0,0,0,1,1,0,1,1,1,0,1
"155",2.44003099055237,1,0,1,0,1,0,1,1,1,0,1,1,0,1,0,0,1,1,1,0
"156",4.54678877931478,1,0,0,0,0,1,0,1,0,0,1,0,1,1,1,0,1,1,1,0
"157",4.08518338268186,0,1,0,0,1,1,0,1,0,0,1,1,1,0,1,1,1,1,0,0
"158",2.40717694160653,1,1,1,0,0,1,1,0,1,0,1,1,1,0,1,0,1,0,0,1
"159",2.50427578827629,1,1,0,0,1,1,1,0,0,0,1,0,1,1,1,0,1,0,0,1
"160",6.10617909695873,1,1,0,0,0,1,1,0,0,0,0,1,1,1,1,0,1,1,1,0
"161",3.72081538288631,1,0,0,1,1,1,1,1,0,0,0,0,1,1,0,0,1,1,0,0
"162",1.67453175022652,0,0,1,0,0,1,1,1,0,0,1,1,1,1,0,0,1,1,0,0
"163",1.31397868201547,1,1,1,0,1,1,1,0,0,0,0,1,1,0,0,0,1,1,1,0
"164",1.1642470799331,0,0,0,0,0,1,1,0,0,1,0,1,1,1,0,0,1,1,1,0
"165",3.76584125738619,1,1,0,0,1,1,0,0,1,0,0,1,0,1,0,0,1,1,0,0
"166",3.72084818089626,1,1,0,0,0,1,1,1,0,0,0,1,1,0,1,0,1,1,1,0
"167",2.9210842376959,1,0,0,0,1,0,1,1,0,0,0,1,1,1,0,0,1,1,0,1
"168",1.60954875261588,1,0,1,0,0,1,1,1,0,0,0,1,1,1,0,0,1,0,1,0
"169",4.06997404152461,0,1,0,0,0,1,1,1,0,0,0,1,1,0,1,0,0,1,1,0
"170",0.9566844843249,1,0,1,0,1,1,1,0,0,0,0,1,1,1,1,0,1,0,0,0
"171",2.60873264180497,1,1,0,0,1,1,0,0,0,0,0,1,1,1,1,0,1,0,0,0
"172",5.79117404975561,1,0,0,0,0,1,0,1,0,0,1,1,0,1,0,1,1,0,0,1
"173",2.35286151979747,0,0,0,0,0,1,0,0,1,0,0,1,1,0,0,0,1,0,1,0
"174",2.81947736119077,0,1,0,0,0,0,0,0,1,1,1,0,1,1,0,0,1,1,0,0
"175",3.75896332739887,1,1,1,1,0,1,0,0,0,0,1,1,1,1,0,0,1,1,0,0
"176",0.6395385749328,1,0,1,0,1,1,0,1,0,0,0,0,1,1,0,0,1,0,1,0
"177",2.32900251829683,1,0,1,0,0,1,1,1,1,0,0,1,0,1,1,1,1,1,0,0
"178",3.97553625807732,1,0,0,0,0,1,1,1,0,0,1,1,1,1,1,0,1,1,0,0
"179",2.97495256187999,1,1,0,0,0,0,1,1,0,0,1,1,1,1,1,0,1,1,0,0
"180",1.35229638659827,1,0,0,1,1,1,1,1,0,1,1,1,1,0,0,0,1,0,0,0
"181",3.39536943616878,1,0,1,0,0,1,1,1,1,0,0,1,1,1,1,0,1,0,1,0
"182",1.96347085843307,1,1,1,0,0,0,0,0,1,0,0,1,1,1,1,0,1,0,1,0
"183",3.37550319153144,1,1,1,0,0,1,0,0,0,1,0,1,1,0,1,0,1,0,0,0
"184",0.633069778095142,1,0,1,0,1,1,0,1,0,0,1,1,1,0,0,0,1,1,1,0
"185",2.46739048208583,1,1,0,0,0,1,1,0,0,1,0,1,1,1,1,1,1,0,0,0
"186",3.5523388385866,1,0,0,0,0,1,1,0,0,0,1,1,1,1,0,1,0,0,1,0
"187",4.05885990929008,1,1,1,0,1,1,1,1,0,0,1,1,1,1,0,1,1,1,0,0
"188",4.90278522891063,1,0,0,0,1,0,0,0,0,0,0,1,1,1,0,0,0,1,0,1
"189",2.72953685221943,0,1,1,0,0,1,1,0,0,1,0,0,1,1,0,0,1,1,1,0
"190",3.60744911045111,1,0,0,0,1,1,0,1,0,0,1,1,1,1,0,1,1,0,1,1
"191",2.81308658428554,1,0,1,0,0,1,1,0,0,0,1,1,1,1,0,0,1,0,0,0
"192",2.0668260444669,1,0,1,1,1,1,0,0,0,1,0,1,1,0,1,0,1,1,1,1
"193",1.38142006420662,1,1,1,0,0,1,0,1,0,0,1,0,1,1,0,0,0,0,0,0
"194",2.0918842112486,1,1,1,1,1,1,1,0,0,0,1,1,1,0,1,0,1,0,0,0
"195",4.3365414929951,1,0,0,0,0,1,0,1,0,0,1,1,1,0,1,0,1,0,0,0
"196",3.47988552869259,1,0,1,0,1,0,1,1,0,0,0,1,1,1,0,0,0,1,1,0
"197",3.07662766113297,1,0,0,0,1,1,1,0,0,0,0,1,1,0,1,0,1,0,0,0
"198",4.47524157993838,1,1,0,0,0,1,1,1,1,0,0,0,1,0,1,0,1,1,0,0
"199",3.20976074773568,1,1,0,0,0,1,1,1,0,1,1,1,1,1,0,0,1,1,0,0
"200",5.73916915074388,1,1,0,0,1,1,1,0,0,0,0,1,1,1,0,0,1,1,0,0
"201",0.343863649283916,0,0,1,0,1,1,1,0,0,0,0,1,1,1,1,0,1,0,0,0
"202",3.26268827493651,1,1,1,0,0,1,1,0,0,0,0,1,1,1,1,0,1,0,0,1
"203",3.75656512778915,0,0,0,0,1,0,0,1,0,0,1,1,1,1,0,1,1,1,0,0
"204",4.43444587789013,1,0,0,0,1,1,1,1,0,1,0,1,1,1,0,0,1,0,1,0
"205",2.03087465592161,1,0,1,0,0,1,1,0,1,1,1,1,1,1,1,0,1,1,0,0
"206",1.34665991308912,1,0,1,0,0,1,1,1,1,0,0,1,1,1,1,0,1,1,1,0
"207",3.45059376018996,1,0,0,0,0,1,1,0,0,0,0,1,1,1,0,0,1,0,1,0
"208",0.312134621091042,0,1,1,0,1,1,0,0,0,0,0,1,1,1,0,0,1,1,0,0
"209",-0.147179979423098,0,0,1,0,1,1,0,0,1,1,0,1,1,1,0,0,1,0,0,0
"210",1.78327344663014,1,0,1,0,1,1,1,0,0,0,1,0,1,1,1,0,1,1,1,0
"211",1.27987844471446,1,1,1,0,1,0,1,0,0,0,1,1,1,0,0,0,1,1,1,1
"212",0.738935012212748,0,0,1,0,0,1,1,0,1,1,0,1,1,1,1,1,1,0,1,0
"213",2.12706555741743,0,0,1,1,0,1,0,0,0,0,1,1,1,1,0,0,1,1,0,1
"214",1.99654880162429,1,0,0,1,0,1,1,0,0,0,1,1,1,1,0,0,1,1,1,0
"215",4.94580015445898,1,1,0,0,0,0,0,0,1,0,1,0,1,1,0,0,1,0,0,0
"216",3.09322313356724,0,0,0,0,0,1,1,1,0,1,0,1,1,0,0,0,0,0,0,0
"217",4.77595698187195,1,0,0,0,0,1,1,0,0,0,0,1,1,1,1,0,0,0,1,0
"218",4.83151515265216,0,1,0,0,0,1,0,1,0,0,0,1,1,1,1,0,1,1,0,0
"219",4.16712717097841,1,1,0,0,0,0,1,1,0,0,0,1,1,1,1,0,1,1,0,0
"220",1.72008191842568,0,1,1,0,0,1,0,1,0,0,1,1,1,1,0,0,1,0,0,0
"221",1.49315163584866,0,1,1,0,0,1,1,1,0,0,0,0,1,1,0,0,1,0,1,0
"222",4.85821549875355,1,1,0,0,0,1,0,1,1,1,0,1,1,1,1,1,1,1,0,0
"223",2.59795634633316,1,0,0,1,0,0,1,0,1,0,0,1,1,1,0,0,1,1,0,0
"224",3.13632263859276,1,1,0,0,0,0,0,1,0,0,0,1,1,1,0,0,1,1,1,0
"225",0.638638999447975,0,1,1,0,0,0,1,1,0,0,1,1,1,1,0,0,1,0,1,0
"226",3.80636762059078,1,1,1,0,0,1,1,1,1,0,0,1,1,1,1,0,1,0,1,0
"227",3.85883996341807,0,1,0,0,0,1,1,0,1,0,0,1,1,0,1,1,1,1,1,1
"228",2.61139010149453,0,0,0,0,0,1,0,0,0,0,1,1,1,0,1,0,1,1,0,0
"229",1.20098937585151,1,0,1,0,1,1,1,1,0,1,1,1,1,1,1,0,1,1,0,0
"230",5.32009003897545,0,1,0,0,0,1,0,1,1,0,0,1,1,1,0,1,1,1,0,0
"231",4.86905222375746,1,1,0,0,1,1,0,1,0,0,1,1,0,0,1,0,1,1,0,0
"232",4.5291619360127,0,0,0,0,0,1,0,1,0,0,0,1,1,1,0,1,1,1,0,0
"233",5.05944193555693,1,1,0,0,0,1,1,0,0,1,1,1,1,1,0,0,1,1,0,0
"234",5.04425219279396,0,1,0,0,1,0,1,0,0,0,0,1,1,1,1,0,1,0,0,0
"235",5.91849510122494,1,0,0,0,0,1,0,1,0,0,0,1,1,1,0,1,1,0,0,0
"236",3.0663509310461,0,0,0,0,1,1,1,0,0,0,0,1,1,1,0,1,1,1,0,0
"237",-0.206852892266737,1,0,0,1,0,1,0,1,0,0,1,1,1,1,0,0,1,1,1,1
"238",3.60091153700314,1,0,0,0,0,1,0,0,0,0,1,1,0,1,1,0,1,0,0,1
"239",1.64088729143595,1,1,1,0,0,1,1,1,0,0,0,0,0,1,1,0,1,1,1,0
"240",4.22861374692189,0,1,1,0,1,0,0,1,1,0,0,0,1,1,1,0,1,1,1,0
"241",2.11283694175461,1,1,1,0,0,1,0,0,0,0,0,1,1,1,0,0,1,1,0,0
"242",2.56608340764536,1,0,0,0,1,0,0,1,0,0,0,1,1,1,0,0,1,0,0,0
"243",0.998328824860039,1,0,0,1,0,1,1,1,0,0,0,0,1,0,0,0,0,1,0,0
"244",2.90458203506466,1,1,1,0,0,1,1,0,0,0,0,0,1,1,1,0,0,1,1,0
"245",2.6942742629142,1,0,0,0,1,1,0,1,0,0,0,1,1,1,0,0,1,1,1,0
"246",0.903798793068066,0,1,1,0,1,0,1,1,1,1,0,1,1,1,0,0,1,1,1,0
"247",2.10281182049104,1,0,1,0,0,1,1,1,0,0,0,1,1,1,1,0,1,0,0,0
"248",2.48187418166281,0,1,0,0,1,0,1,0,0,0,0,1,1,1,1,0,1,0,0,0
"249",0.843219884686592,1,1,1,0,0,1,1,1,1,0,0,1,1,1,1,0,1,1,0,0
"250",3.6019978481375,1,1,0,0,1,1,0,1,0,0,0,1,1,0,1,0,1,1,1,0
"251",2.25645785587122,1,1,0,1,0,1,1,1,0,0,0,0,1,1,1,0,1,0,0,0
"252",3.05747796584055,1,1,1,0,1,1,1,0,0,0,0,1,1,0,0,0,1,1,0,0
"253",3.9852037803671,1,1,0,0,1,1,1,1,0,0,1,1,1,1,1,0,1,1,0,0
"254",5.01169673160318,1,0,0,0,0,1,1,0,0,1,0,0,1,1,1,0,1,1,1,0
"255",3.04704763176036,1,1,1,0,0,1,1,1,1,0,0,1,1,1,1,1,0,1,0,0
"256",-0.00830240939509164,0,0,1,0,0,1,1,1,0,0,1,1,1,1,1,0,0,1,1,0
"257",1.11980836650817,1,0,1,0,0,1,1,0,1,0,1,1,1,1,0,0,1,1,1,0
"258",5.37749161703352,1,1,0,0,0,1,1,1,0,0,0,1,1,1,0,0,1,1,0,1
"259",4.27700726569444,1,1,0,0,0,1,1,1,0,0,1,1,1,1,0,1,1,0,1,0
"260",3.02694964924481,0,0,0,0,1,1,1,1,0,0,1,0,1,1,0,0,1,1,1,0
"261",5.57601758643491,1,0,0,0,0,1,1,0,0,1,0,1,1,1,0,1,1,1,0,0
"262",4.22892115648578,1,0,0,0,1,1,1,0,0,0,0,0,0,1,0,0,0,1,0,0
"263",3.25661770974284,1,1,1,0,1,1,1,1,0,0,0,0,1,1,1,0,1,1,0,0
"264",2.4793530982357,1,0,1,0,0,1,1,1,1,0,0,1,1,0,1,0,1,0,0,1
"265",3.41402021770561,1,0,0,0,0,1,1,1,0,0,0,1,1,1,0,0,1,1,0,0
"266",2.01155425894263,0,0,0,0,0,1,1,0,0,0,0,1,1,1,1,0,1,0,1,0
"267",1.95770999532173,1,1,1,0,1,1,1,0,0,0,0,1,1,1,1,0,1,1,0,1
"268",4.00196510725473,1,0,0,0,0,1,1,0,0,0,0,0,1,1,0,0,1,1,0,0
"269",-1.7591535668959,0,0,1,0,0,1,0,0,0,0,0,1,1,1,0,0,1,1,1,0
"270",4.73308116283173,1,1,0,0,1,1,1,0,0,0,1,1,1,1,1,0,1,1,0,0
"271",4.60436867306804,1,1,0,0,0,1,1,0,0,0,0,0,1,1,0,0,0,0,0,0
"272",2.21093713491582,1,0,1,0,0,1,1,0,1,0,0,1,0,1,0,0,1,0,0,1
"273",1.61752814310291,0,1,1,0,0,1,1,0,0,1,0,1,1,1,1,0,1,1,0,0
"274",3.54883790405928,1,1,1,0,0,1,1,1,0,1,0,1,1,1,0,0,0,1,1,0
"275",2.78049749399486,1,0,0,0,0,1,1,0,1,0,1,0,1,0,1,0,0,1,1,0
"276",4.08800915124001,1,1,0,0,0,1,1,0,1,1,0,1,1,0,1,0,1,1,0,0
"277",2.06848300402092,1,1,1,0,1,1,0,0,0,0,1,1,1,1,1,0,1,0,0,0
"278",3.74677845284958,0,1,1,0,1,1,0,1,0,0,0,1,1,1,1,0,1,1,0,0
"279",1.97611528161218,1,0,1,0,1,0,0,1,0,0,1,1,1,1,1,1,0,1,1,0
"280",5.54738165148446,1,0,0,0,1,1,0,1,0,0,0,0,1,1,0,0,1,0,0,0
"281",2.33395992862228,1,0,1,0,0,0,1,1,0,0,1,1,1,0,0,0,1,1,1,0
"282",3.43346162219195,0,0,0,0,1,0,1,0,0,1,0,1,1,1,0,0,1,1,1,0
"283",0.534546921466642,1,1,1,0,0,1,1,0,1,0,0,1,1,1,1,0,0,1,0,0
"284",1.65556857662419,1,1,0,1,0,1,1,1,0,0,1,1,1,0,1,0,1,0,0,0
"285",1.53092126556151,1,0,1,0,0,0,1,1,0,0,0,0,1,1,1,0,1,1,0,0
"286",5.44533245877322,0,1,0,0,0,1,0,1,0,0,1,1,1,0,0,0,0,0,1,0
"287",1.47493996723098,1,1,1,0,1,1,1,1,0,1,0,1,1,0,0,0,1,0,0,0
"288",4.80535332258892,1,0,0,0,0,1,1,1,0,0,0,1,1,1,1,0,0,1,0,0
"289",5.0839257061515,1,0,0,0,1,0,1,0,0,0,1,1,1,1,1,0,1,1,0,0
"290",2.09768372499819,0,1,0,0,0,1,1,0,1,0,0,0,1,1,0,0,1,1,1,0
"291",0.43209190411159,1,0,1,0,1,1,1,0,0,0,1,1,1,1,0,0,1,1,0,0
"292",4.26524233918174,1,1,1,0,0,1,1,1,0,0,0,1,1,1,1,0,1,1,0,0
"293",5.52700215577421,0,1,0,0,1,0,1,1,0,0,0,1,1,0,0,0,1,1,1,0
"294",1.73472160302245,1,0,1,1,0,1,1,0,0,0,1,0,1,0,0,1,1,1,0,0
"295",4.20601106844903,0,1,0,0,1,1,0,1,1,0,0,1,1,1,0,1,1,0,0,0
"296",4.65862229946384,1,1,0,0,0,1,1,1,1,0,1,1,1,1,0,0,1,1,0,1
"297",5.34976333836341,0,1,0,0,0,1,1,0,0,0,0,1,1,1,0,0,0,0,0,0
"298",1.87389651213707,1,1,1,0,0,1,1,1,0,0,1,1,0,1,0,1,0,1,0,0
"299",3.14687908624369,1,1,0,0,0,1,1,1,0,0,0,1,1,1,0,0,1,0,0,1
"300",2.83506611537211,0,0,1,0,1,1,1,0,1,0,0,1,1,1,1,0,1,1,1,1
"301",2.01631148137243,1,1,1,0,1,0,1,0,0,0,0,1,1,1,0,1,1,0,0,0
"302",4.13005122558462,1,0,0,0,1,1,1,0,0,0,0,1,0,1,0,0,1,1,0,0
"303",4.3635157041022,1,0,0,0,0,0,1,0,0,0,1,1,1,0,1,0,1,0,0,0
"304",4.06286724060476,1,1,0,0,0,1,1,1,1,0,0,0,1,1,0,1,1,1,1,0
"305",0.824819929735039,1,0,1,0,0,1,0,1,1,0,0,0,1,1,1,0,1,1,0,0
"306",3.69124174585687,1,0,0,0,0,1,1,0,0,0,0,1,1,1,1,0,1,1,1,0
"307",3.28522310202974,1,0,0,0,0,1,1,1,1,0,0,0,1,1,0,1,1,1,1,0
"308",1.82739552650166,0,1,1,0,0,1,0,1,0,0,0,1,1,1,0,0,1,1,0,0
"309",2.64532845711192,0,1,1,0,0,1,0,0,0,1,0,1,1,0,0,1,1,0,0,0
"310",4.1777707670481,1,1,0,0,0,1,1,0,0,0,1,1,1,1,0,0,1,1,0,0
"311",4.65231676403822,0,0,0,0,1,1,0,1,0,0,0,1,1,1,0,0,0,1,0,0
"312",-0.578180861567247,1,1,0,1,0,1,0,1,0,0,0,1,1,1,1,0,1,0,1,0
"313",-1.41415927828977,0,0,1,0,1,1,0,0,0,0,1,1,0,1,1,0,1,1,0,0
"314",2.16873245817313,1,0,1,0,0,1,0,1,0,0,1,1,1,1,0,0,1,1,1,0
"315",3.61961001915473,1,0,0,0,0,1,1,0,0,0,0,1,1,1,0,0,1,1,0,1
"316",4.53133172384428,1,0,0,0,0,1,0,0,0,0,1,0,1,1,1,0,1,1,0,0
"317",3.27064859081629,1,0,0,0,0,1,1,0,0,0,0,1,1,1,0,0,1,1,0,0
"318",1.57710214114826,1,1,0,1,0,1,0,1,0,0,1,1,1,1,0,0,1,1,0,0
"319",1.65963863544524,1,0,0,1,0,1,0,1,0,0,0,1,1,0,0,0,1,0,0,0
"320",-1.2073266648488,0,0,1,0,0,0,0,1,0,1,0,0,1,0,1,1,1,1,0,0
"321",2.10390125828503,1,0,1,0,0,1,1,1,0,0,0,1,1,1,0,0,1,0,1,1
"322",0.860143293645073,1,0,1,0,1,1,1,1,0,0,0,1,1,1,1,0,1,0,1,0
"323",0.87622556569254,0,1,1,1,1,1,1,0,0,0,0,1,1,1,1,1,1,1,1,0
"324",2.87336354017676,1,0,1,0,0,1,0,0,0,0,0,0,1,1,1,0,1,0,0,1
"325",3.11535906952953,1,1,1,0,0,1,1,1,1,0,0,1,1,1,0,0,1,1,1,0
"326",0.0692923986223697,0,0,0,1,0,1,1,0,0,0,0,1,1,1,0,0,1,0,0,0
"327",0.62068153293377,1,1,1,0,0,1,0,1,1,0,1,1,1,1,1,1,1,1,0,1
"328",5.57023333727876,1,0,0,0,0,1,1,1,0,0,0,1,1,1,1,0,0,1,1,0
"329",3.04495977751424,1,1,1,0,1,1,1,0,0,0,1,1,1,1,1,0,0,0,0,0
"330",3.12653323505219,0,1,0,0,0,1,1,1,1,0,0,1,0,0,0,0,1,1,1,1
"331",1.8665646343302,1,0,1,0,0,1,1,1,1,0,0,1,1,1,0,0,1,1,0,0
"332",6.33894130806214,1,0,0,0,0,1,1,1,0,0,0,1,1,1,0,1,1,1,0,0
"333",0.761322174468817,1,1,1,0,1,0,1,1,0,0,1,1,1,1,0,0,0,1,0,0
"334",1.09306091782662,1,0,1,0,0,1,0,1,0,0,0,1,1,0,0,0,1,1,0,0
"335",2.92266236219747,1,1,0,0,0,1,1,1,0,1,0,1,1,0,1,0,0,1,1,0
"336",4.31301803641329,1,0,0,0,0,1,1,1,0,0,0,1,1,0,1,0,1,1,1,0
"337",3.28232944781513,1,1,0,0,1,1,1,1,0,0,0,1,1,1,1,0,1,1,0,1
"338",0.00947462748944039,0,0,1,0,0,0,1,1,0,1,0,1,1,1,0,0,0,0,1,0
"339",3.44503227267727,1,0,0,0,1,1,1,0,0,1,0,1,1,0,1,1,1,1,0,0
"340",3.34178701449832,1,1,0,0,1,0,1,1,0,0,1,0,0,0,0,0,1,0,0,0
"341",2.3915350865365,1,0,1,0,1,1,0,0,0,0,0,1,1,1,0,0,0,0,0,0
"342",1.91376375693472,1,1,1,0,0,1,1,1,0,0,0,0,1,1,0,1,1,0,0,1
"343",5.37388258193094,1,0,0,0,0,0,0,0,1,0,0,1,1,1,1,0,1,0,1,1
"344",3.32421829158126,1,1,1,1,0,1,0,0,0,0,0,1,1,1,0,1,1,0,0,0
"345",2.26945586102804,1,1,0,1,0,1,1,1,0,0,0,0,1,1,0,0,1,1,0,0
"346",4.05313765704225,1,1,0,0,0,1,1,1,0,0,0,1,1,1,0,0,1,1,0,1
"347",4.32923086392029,1,1,0,0,0,1,1,0,0,0,0,0,1,1,0,0,1,1,0,0
"348",1.0127580573798,0,1,1,0,0,0,0,1,0,1,0,1,1,0,1,0,1,1,0,0
"349",4.47518335223957,0,1,0,0,0,1,0,1,0,0,1,1,0,1,1,0,1,1,0,0
"350",3.17564602581489,1,0,1,1,0,1,1,0,0,0,0,0,1,1,1,0,0,1,0,0
"351",0.313212074806033,1,0,0,1,1,1,1,1,0,0,0,1,1,1,1,1,0,0,0,0
"352",2.50491862001822,1,0,1,0,0,0,1,1,0,0,0,1,1,0,1,0,1,1,0,1
"353",0.599823668098573,1,1,1,0,0,1,0,0,0,0,0,1,1,1,0,0,1,0,1,0
"354",1.17357338443254,0,1,1,1,1,1,0,1,0,0,0,1,1,1,1,1,1,0,0,0
"355",4.39543001643139,0,1,0,0,0,1,1,0,1,0,1,1,1,1,0,0,1,1,0,0
"356",5.73158993792795,1,0,0,0,1,1,1,1,1,0,0,0,1,1,0,0,1,1,0,0
"357",2.77901102045265,1,0,1,0,0,1,1,0,0,0,1,1,1,1,1,0,1,1,0,1
"358",2.26802291379422,0,1,1,0,1,1,1,1,0,0,1,1,1,0,0,0,1,1,0,0
"359",4.64719375874015,0,1,0,0,1,1,1,0,0,0,1,0,1,1,0,0,1,0,1,0
"360",1.82892988120948,0,0,1,0,1,1,1,1,0,0,0,1,1,1,1,0,0,0,0,0
"361",5.26413050936674,1,0,0,0,0,0,1,0,1,1,0,1,1,1,0,0,1,1,1,1
"362",-0.060461363585782,0,1,1,0,0,1,0,0,1,0,0,1,1,0,0,0,0,1,0,0
"363",2.69236231457023,0,1,1,0,0,1,0,1,0,1,0,1,1,1,0,0,0,0,1,0
"364",0.467664970033117,0,0,1,0,0,1,1,1,0,0,0,1,1,1,0,0,1,0,0,0
"365",4.96496048550913,0,1,0,0,0,0,0,0,0,0,0,1,1,1,0,0,1,1,1,0
"366",0.765801256592618,0,0,1,0,0,1,0,1,0,1,0,1,1,1,0,0,1,0,1,0
"367",2.26680513957327,0,1,1,1,1,1,1,0,0,0,0,0,1,1,1,0,1,1,1,0
"368",4.66920083667869,1,1,0,0,0,1,0,0,0,0,1,1,1,1,1,0,1,1,0,0
"369",1.43293238708798,1,1,1,0,0,1,1,0,0,1,0,1,1,1,1,0,1,0,0,0
"370",4.23243585597237,1,1,0,0,1,1,0,0,0,0,0,1,1,1,1,0,1,1,0,0
"371",1.83110967401469,1,0,1,1,1,1,1,1,0,0,0,0,1,1,0,0,1,0,1,0
"372",1.26684082867156,0,0,1,0,0,1,0,0,0,0,0,1,0,1,1,0,1,1,0,0
"373",3.66234075041899,1,0,1,0,0,1,1,1,0,0,0,0,1,0,0,0,0,0,0,0
"374",4.34357145903655,1,1,0,0,0,1,1,1,1,0,0,1,0,1,1,0,1,0,1,0
"375",2.10246257162595,1,1,1,0,0,0,1,1,0,1,0,1,1,1,1,0,1,1,0,0
"376",1.29867370774681,1,1,1,0,1,1,1,0,0,0,0,0,1,1,0,0,1,0,0,0
"377",4.19989930319624,1,1,1,0,0,1,0,1,0,0,0,1,1,1,1,0,1,0,0,0
"378",3.50415404090517,1,1,0,0,1,0,1,0,0,0,0,0,1,1,0,0,1,1,1,0
"379",4.46381627880285,1,0,0,0,1,1,0,0,0,0,0,1,1,1,0,1,1,1,0,0
"380",3.14328436988183,1,0,1,0,0,1,1,0,1,0,0,1,1,1,0,0,1,0,1,1
"381",5.68932659677931,0,1,0,0,1,1,1,0,0,0,0,1,1,1,1,0,1,0,0,0
"382",4.92332236020156,1,1,0,0,1,1,1,0,0,0,0,1,1,0,0,0,1,1,1,0
"383",2.55915678177218,1,0,0,0,0,1,1,1,0,0,0,1,1,1,1,0,1,0,1,0
"384",2.31101713416682,0,1,1,0,1,0,1,1,0,0,0,0,1,0,0,1,1,0,0,1
"385",4.0683388869413,1,0,0,0,0,1,1,1,0,0,0,1,1,1,0,0,1,1,0,0
"386",5.12741070614774,1,1,0,0,0,1,1,1,1,0,1,1,1,1,0,0,1,1,1,0
"387",2.54568560218092,0,0,0,0,1,1,0,1,0,0,1,1,1,1,1,0,0,1,1,0
"388",3.34332771653033,0,1,0,0,0,1,0,1,0,0,1,1,1,1,0,0,1,1,1,0
"389",2.54514456617051,1,1,1,0,0,1,0,0,1,0,1,1,1,1,1,0,1,1,0,0
"390",3.25129059892981,0,0,0,0,0,1,1,0,0,0,1,1,1,1,1,0,1,1,1,0
"391",4.56958631659402,1,1,0,0,0,1,0,1,0,1,0,1,1,0,0,0,1,1,0,0
"392",2.87434550111106,1,0,1,0,0,1,0,1,0,0,0,1,1,1,0,1,1,0,0,0
"393",2.07770019404228,1,1,1,0,0,0,0,1,0,0,0,0,1,1,0,1,1,0,0,0
"394",3.45319005489308,1,1,0,0,0,1,1,1,1,0,0,0,1,0,1,0,1,1,1,1
"395",3.79610281903874,0,0,0,0,0,0,0,0,0,0,0,1,1,1,0,0,1,0,1,0
"396",3.03301116438335,1,1,1,0,1,0,1,1,0,0,1,0,1,1,0,0,0,1,0,0
"397",2.1883924926754,0,1,1,0,1,0,0,0,0,0,0,1,1,1,0,0,1,1,0,0
"398",3.18189190076591,1,0,1,1,0,1,1,0,0,0,1,1,1,1,1,0,1,0,0,0
"399",2.09480445664132,0,0,0,0,0,1,0,0,0,0,0,1,0,1,0,0,1,1,1,0
"400",3.43960756992176,1,1,1,0,0,1,1,0,0,0,1,1,1,1,1,0,1,1,0,0
"401",3.38240260814891,1,1,0,0,1,1,1,1,0,0,1,0,1,0,0,0,1,1,0,0
"402",5.16040379586054,0,1,0,0,0,1,1,1,1,0,0,1,1,1,0,1,1,1,0,0
"403",2.27197138043068,1,1,1,0,1,1,0,0,0,0,1,1,1,1,1,0,1,1,1,0
"404",3.59085749511522,0,1,1,0,0,1,0,0,1,0,0,0,1,1,1,0,1,1,0,0
"405",0.170947794809755,1,1,1,0,0,1,1,1,0,0,0,1,0,1,0,1,1,0,0,0
"406",2.48903980957624,1,1,1,0,0,0,1,0,0,0,0,1,1,1,0,0,1,1,1,0
"407",3.55542803541,1,0,0,0,1,1,1,0,0,0,1,1,1,1,0,0,1,1,0,0
"408",2.28769533439752,0,1,1,0,0,1,1,0,0,1,0,1,1,1,0,0,0,1,0,0
"409",4.24990438620429,1,1,0,0,0,1,0,0,0,0,0,1,1,1,0,0,1,1,0,0
"410",2.32813095979455,1,0,1,0,1,1,1,1,1,0,1,1,1,1,1,0,1,1,0,0
"411",4.38642529602401,0,1,0,1,0,1,1,0,0,0,0,1,0,1,1,0,1,1,1,0
"412",1.78800536125968,1,1,1,0,0,1,0,0,1,0,0,1,1,1,0,0,1,1,0,0
"413",3.07531201047158,1,0,1,0,0,1,0,0,0,0,1,1,1,1,1,1,1,1,0,0
"414",0.615564246413481,0,1,1,1,1,1,1,0,0,0,1,0,0,1,1,0,1,0,0,0
"415",3.22340705493119,1,0,0,0,0,1,0,1,0,0,0,0,1,1,0,0,1,1,1,0
"416",0.890564200741836,0,1,1,0,1,0,1,1,0,0,1,1,1,0,0,1,1,0,1,0
"417",6.147460143979,1,0,0,0,0,1,1,1,0,0,0,1,1,1,1,1,1,1,0,1
"418",4.06116345479458,0,1,0,0,1,1,1,1,1,0,0,1,1,0,1,0,1,1,0,0
"419",1.54272621517204,1,1,1,0,0,0,1,0,0,0,0,1,0,0,0,0,0,1,0,0
"420",1.04246315963369,1,0,0,1,0,0,1,0,1,0,1,1,1,1,0,0,1,1,0,0
"421",2.87866468759792,0,0,0,0,0,0,1,1,0,0,1,0,1,1,0,0,1,0,0,0
"422",1.71160293147921,0,0,1,0,0,0,1,1,0,0,0,1,1,1,1,0,0,1,0,0
"423",0.440468134761172,1,0,1,0,0,1,1,1,0,0,1,1,1,1,1,0,1,0,0,0
"424",0.487660144331477,1,1,1,0,0,1,1,1,0,1,0,1,1,1,1,1,1,1,0,0
"425",2.78203303791485,1,0,0,0,1,1,0,1,0,0,0,0,1,1,0,0,1,1,0,0
"426",3.76410349858585,0,0,0,0,0,0,1,1,0,0,0,1,1,0,1,0,0,1,1,0
"427",4.99645680340771,0,1,0,0,1,0,0,1,0,1,0,1,0,1,0,1,1,1,1,0
"428",2.82712920250822,1,1,1,0,0,0,1,1,1,0,0,1,1,1,0,0,0,1,0,1
"429",1.6032279779823,1,1,1,0,1,1,1,1,0,0,1,0,1,1,0,0,1,1,1,0
"430",2.73061957126198,0,0,1,0,1,1,1,1,0,0,1,1,1,1,1,0,0,0,0,1
"431",3.12621046553257,1,1,0,0,0,1,0,0,0,1,1,1,1,1,1,0,1,0,0,1
"432",1.91101280472499,1,1,1,0,1,1,1,1,0,0,0,1,1,1,0,0,1,1,1,0
"433",3.10972943435308,1,0,0,0,0,0,0,1,0,0,1,1,1,1,0,0,1,1,1,0
"434",4.46550837495723,1,0,0,0,0,1,1,1,0,0,0,1,1,1,1,0,1,0,0,0
"435",1.10986309299279,1,1,1,0,0,1,1,1,0,0,1,1,1,1,1,0,1,1,0,0
"436",3.43621909888255,1,0,0,0,0,1,0,1,0,0,0,1,1,1,0,0,1,0,0,0
"437",1.43422074961884,1,1,1,0,1,1,1,1,0,0,0,1,0,1,0,0,1,1,0,0
"438",5.18680884823277,1,1,0,0,0,1,1,1,1,0,0,1,1,1,1,1,1,1,0,0
"439",1.06402146884942,1,1,0,1,0,1,0,1,1,0,0,1,1,1,0,0,1,1,0,0
"440",1.65746782702568,1,0,1,0,0,1,1,0,0,0,1,1,1,1,0,0,1,1,0,0
"441",2.15528784569531,1,1,1,0,0,1,0,0,0,0,1,1,1,0,1,0,1,1,0,0
"442",1.83849923589396,0,0,1,0,0,1,1,1,0,0,0,1,1,1,0,0,1,0,0,0
"443",3.94655250632246,1,1,0,0,0,1,1,1,1,0,0,0,1,1,1,1,1,1,1,0
"444",2.85085766720188,1,1,1,0,0,1,1,0,0,1,0,1,1,1,1,0,1,1,0,1
"445",1.14348026507102,1,0,1,0,0,1,0,1,0,0,0,1,1,1,0,1,1,0,1,0
"446",3.30939638663396,0,0,0,0,1,1,1,0,0,0,0,1,1,1,1,0,1,0,0,1
"447",4.13205759184374,1,1,0,0,1,1,0,0,0,1,1,1,1,0,1,0,1,1,0,0
"448",7.74424557154062,1,0,0,0,0,1,0,1,0,0,0,0,1,0,1,0,1,1,1,0
"449",3.43590823723101,1,0,0,0,1,1,0,1,0,0,0,1,1,0,1,0,1,1,0,0
"450",1.47284404931627,1,1,1,0,0,1,1,1,0,0,0,1,1,0,0,1,1,1,1,0
"451",0.213414036994398,1,1,1,0,1,1,0,0,0,0,0,1,0,1,1,0,1,1,0,1
"452",3.11030833060601,1,0,0,1,1,1,1,1,1,0,1,1,1,1,0,0,1,0,1,0
"453",1.68553304442465,1,0,1,0,1,1,0,1,0,1,1,1,1,0,1,0,1,1,0,0
"454",0.596208830240122,0,0,0,0,0,1,1,0,0,0,0,1,1,1,0,0,1,1,1,0
"455",4.84871938495384,1,0,0,0,1,0,1,1,1,0,1,1,1,1,0,0,1,0,0,0
"456",1.65751795579603,0,0,1,0,1,1,1,0,0,1,0,1,1,1,0,0,1,1,0,0
"457",5.04176501653741,1,1,1,0,1,1,1,1,0,0,0,1,1,1,0,0,1,1,0,0
"458",3.08722081088361,0,0,1,0,1,1,1,1,0,0,1,1,1,0,1,0,1,0,0,0
"459",3.40020276944364,1,1,0,0,0,1,0,0,0,0,1,1,0,1,1,0,1,0,0,0
"460",4.62831563721261,1,1,0,0,1,1,1,0,0,0,1,1,1,1,1,1,1,1,1,0
"461",3.63273212694715,0,0,0,0,0,1,0,0,0,0,0,1,1,1,1,0,1,1,0,0
"462",3.45377463919036,0,1,0,0,0,1,0,1,0,0,0,1,1,0,0,0,1,1,1,0
"463",2.55177096632555,1,0,0,0,0,1,1,1,0,1,0,1,1,1,0,0,1,1,0,0
"464",4.99344742012757,1,0,0,0,1,1,1,1,1,0,0,1,1,0,0,0,1,1,0,1
"465",1.19318968799955,0,0,1,1,0,1,1,1,1,0,0,1,0,1,0,0,1,1,0,0
"466",1.11537187111281,1,1,1,0,1,0,1,1,0,0,0,1,1,1,0,0,1,1,0,0
"467",1.53524168432336,1,1,1,1,0,0,1,0,0,0,1,1,1,0,0,0,1,1,1,0
"468",2.2849276907699,1,0,1,0,0,1,0,1,0,0,1,1,1,1,1,1,1,1,0,1
"469",2.86721296095123,1,0,1,0,0,1,1,1,0,0,0,1,1,1,0,0,1,0,0,0
"470",1.07129411401858,1,0,1,0,1,1,1,0,0,0,0,1,1,1,0,1,1,1,0,0
"471",4.67759166189706,1,0,0,0,1,1,1,1,0,0,1,1,1,0,1,0,1,0,0,1
"472",3.50816658697605,1,1,0,0,0,1,0,0,0,0,0,1,1,1,0,0,1,0,0,0
"473",3.99962625474712,1,1,0,0,1,1,1,1,1,0,1,1,1,1,0,0,1,0,0,0
"474",2.95167904158926,1,1,0,0,0,1,0,0,0,0,0,1,1,1,0,0,1,0,0,0
"475",3.70801337423612,1,0,0,0,0,1,1,1,0,0,0,1,1,1,0,0,1,1,0,0
"476",3.23486159890487,1,1,0,0,0,1,1,1,0,0,1,1,0,1,0,0,1,0,0,1
"477",1.71634207258861,0,1,1,1,0,1,1,0,0,0,0,1,1,1,0,1,1,1,1,0
"478",3.51298374777393,1,0,0,0,0,1,1,1,1,0,1,0,1,1,0,0,0,1,1,0
"479",4.05925978077128,1,1,0,0,1,1,0,1,0,0,0,1,1,1,1,0,0,1,0,0
"480",1.72907316966741,1,1,1,0,1,1,0,1,0,0,0,0,1,1,1,0,0,1,0,0
"481",1.06250414989945,1,0,1,1,1,0,1,0,0,0,0,0,1,1,0,0,1,1,0,0
"482",4.65777053580293,0,1,0,0,0,1,0,0,0,0,0,1,1,1,1,0,0,0,0,0
"483",2.33547156622216,1,0,1,0,0,0,1,1,1,0,0,1,1,1,1,0,1,1,0,1
"484",1.13772331521038,1,1,1,0,0,0,1,1,0,0,0,1,1,1,0,0,1,1,0,0
"485",2.3460234775334,1,1,1,0,0,1,0,1,1,0,0,1,1,1,0,0,1,1,0,0
"486",2.99750854595019,1,0,1,0,1,1,1,1,1,1,1,1,1,0,0,0,1,0,0,0
"487",3.67080041561796,1,0,0,0,1,1,0,1,0,1,1,1,1,1,0,0,1,1,0,0
"488",2.32739153107844,1,0,1,0,0,1,1,1,0,0,0,1,0,0,1,1,0,0,0,0
"489",2.01605245795902,1,1,1,0,1,1,1,1,0,0,1,1,1,1,0,0,0,0,0,0
"490",0.813120483498124,1,0,1,0,0,1,0,0,0,0,1,1,1,1,0,0,1,1,0,0
"491",4.01658284788874,1,0,0,0,0,0,1,0,0,0,1,0,0,1,0,0,1,1,1,0
"492",0.880147191427461,1,0,1,1,1,1,1,0,0,0,1,1,0,0,0,0,0,1,0,0
"493",5.40800730359467,1,0,0,0,1,1,0,1,0,0,0,1,1,1,0,0,1,0,0,0
"494",1.55961423283816,1,0,1,1,0,1,0,0,1,0,1,1,1,1,0,0,1,0,0,0
"495",3.593412648228,1,0,0,0,0,1,1,1,0,0,1,1,0,0,0,0,0,1,0,0
"496",0.626937968394087,1,1,1,0,0,1,1,0,0,0,0,0,1,1,0,0,1,0,0,0
"497",3.29983388419821,1,1,0,0,0,1,0,0,0,0,0,1,1,1,0,0,0,0,0,1
"498",5.65111694115764,1,1,0,0,1,0,1,1,1,0,0,1,1,0,1,1,1,1,0,0
"499",4.05826932866928,1,1,0,0,0,1,1,0,0,0,0,1,1,1,0,0,1,1,0,0
"500",4.36851460039602,0,1,0,0,0,1,0,0,0,0,0,1,1,1,0,0,0,1,0,0
